{
  "corpus_size": 207,
  "n_proposals": 20,
  "sparql": {
    "mean_recall": 0.9923076923076923,
    "mean_set_size": 176.9,
    "per_proposal_recall": [
      1.0,
      1.0,
      1.0,
      1.0,
      1.0,
      1.0,
      1.0,
      1.0,
      1.0,
      1.0,
      1.0,
      1.0,
      1.0,
      1.0,
      1.0,
      1.0,
      1.0,
      1.0,
      1.0,
      0.8461538461538461
    ]
  },
  "bm25_recall_at_10": 0.07295699398640575,
  "bm25_recall_at_25": 0.17525459834283363,
  "bm25_recall_at_50": 0.2871143072613661,
  "bm25_recall_at_100": 0.6108729016081957,
  "tfidf_recall_at_10": 0.077706411235823,
  "tfidf_recall_at_25": 0.15966102524926057,
  "tfidf_recall_at_50": 0.3293194550547492,
  "tfidf_recall_at_100": 0.6373346261581556,
  "bm25_recall_matched_k": 0.9146503986209868,
  "tfidf_recall_matched_k": 0.924665383635972
}