{
  "percentiles": {
    "50": 0.5164263844490051,
    "75": 0.5821347236633301,
    "90": 0.6701180934906006,
    "95": 0.6881332993507385,
    "99": 0.7415238618850708
  },
  "max": 0.8293923735618591
}